-- MySQL dump 10.13  Distrib 8.0.34, for Win64 (x86_64)
--
-- Host: localhost    Database: apilol_db
-- ------------------------------------------------------
-- Server version	8.0.35

/*!40101 SET @OLD_CHARACTER_SET_CLIENT=@@CHARACTER_SET_CLIENT */;
/*!40101 SET @OLD_CHARACTER_SET_RESULTS=@@CHARACTER_SET_RESULTS */;
/*!40101 SET @OLD_COLLATION_CONNECTION=@@COLLATION_CONNECTION */;
/*!50503 SET NAMES utf8 */;
/*!40103 SET @OLD_TIME_ZONE=@@TIME_ZONE */;
/*!40103 SET TIME_ZONE='+00:00' */;
/*!40014 SET @OLD_UNIQUE_CHECKS=@@UNIQUE_CHECKS, UNIQUE_CHECKS=0 */;
/*!40014 SET @OLD_FOREIGN_KEY_CHECKS=@@FOREIGN_KEY_CHECKS, FOREIGN_KEY_CHECKS=0 */;
/*!40101 SET @OLD_SQL_MODE=@@SQL_MODE, SQL_MODE='NO_AUTO_VALUE_ON_ZERO' */;
/*!40111 SET @OLD_SQL_NOTES=@@SQL_NOTES, SQL_NOTES=0 */;

--
-- Dumping data for table `champions`
--

LOCK TABLES `champions` WRITE;
/*!40000 ALTER TABLE `champions` DISABLE KEYS */;
INSERT INTO `champions` VALUES (_binary '1_®ÅH∆¶\'<æ≤ˇîN','AKSHAN','O SENTINELA REBELDE','Akshan ri da cara do perigo, lutando contra o mal com carisma, determina√ß√£o e desejo de vingan√ßa, mas, estranhamente, sem vestir uma camisa sequer. √â extremamente habilidoso na arte do combate furtivo, capaz de sumir da vista dos inimigos e reaparecer quando menos se espera. Com um firme senso de justi√ßa e uma arma lend√°ria que pode reverter a morte, ele corrige os delitos dos canalhas de Runeterra e vive de acordo com um c√≥digo de conduta particular: \'N√£o seja babaca\'','ASSASSINO','BAIXA','MID','2021-07-22','https://ddragon.leagueoflegends.com/cdn/img/champion/splash/Akshan_0.jpg'),(_binary '\n¿E\Ór\Õ@èúÊØπyç\‡•','AKALI','A ASSASSINA RENEGADA','Abandonando a Ordem Kinkou e seu t√≠tulo de Punho das Sombras, Akali agora ataca sozinha, pronta para ser a arma mortal que seu povo precisa. Embora ela mantenha tudo o que aprendeu com seu mestre Shen, ela se comprometeu a defender Ionia de seus inimigos, um assassinato de cada vez. Akali pode atacar em sil√™ncio, mas sua mensagem ser√° ouvida em voz alta e clara: ‚ÄúTemam a assassina sem mestre‚Äù.','ASSASSINO','MEDIA','MID','2010-05-11','https://ddragon.leagueoflegends.com/cdn/img/champion/splash/Akali_0.jpg'),(_binary 'Mˆ∏´]M	êZ≠òr\‚','AATROX','A ESPADA DARKIN','Antes defensores honrados de Shurima contra o temido Vazio, Aatrox e seus irm√£os acabaram se tornando uma amea√ßa ainda maior para Runeterra, e a √∫nica coisa capaz de derrot√°-los foi um tipo de feiti√ßaria mortal e trai√ßoeira. Mas ap√≥s s√©culos de...','LUTADOR','MEDIA','TOP','2013-06-13','https://ddragon.leagueoflegends.com/cdn/img/champion/splash/Aatrox_0.jpg'),(_binary 'r\Ÿ&\ÂÙJy†é\”˜\ÁæŒû','ALISTAR','O MINOTAURO','Um poderoso guerreiro com uma tem√≠vel reputa√ß√£o, Alistar busca vingan√ßa por seu cl√£, morto pelas m√£os do imp√©rio de Noxus. Apesar de ter sido escravizado e for√ßado a uma vida de gladiador, sua vontade indestrut√≠vel o impediu de se tornar uma fera de verdade. Agora, liberto das correntes dos seus antigos mestres, ele luta pelos oprimidos e desfavorecidos, sua f√∫ria uma arma t√£o poderosa quanto seus chifres, cascos e punhos.','SUPORTE','MEDIA','BOT','2009-02-21','https://ddragon.leagueoflegends.com/cdn/img/champion/splash/Alistar_0.jpg'),(_binary '}@Gòé1Gòà¶K\Î v3é','ANIVIA','A CRIOF√äNIX','Anivia √© um esp√≠rito alado e benevolente que suporta infinitos ciclos de vida, morte e renascimento para proteger Freljord. Uma semideusa nascida de ventos impiedosos e frios brutais, ela carrega esses poderes elementais para perseguir qualquer um que ousar perturbar sua terra natal. Anivia guia e protege as tribos do norte hostil, que a reverenciam como um s√≠mbolo de esperan√ßa e como uma portadora de grandes mudan√ßas. Ela luta com todas as fibras do seu ser, sabendo que por meio do sacrif√≠cio, sua mem√≥ria ir√° perdurar e ela renascer√° em um novo amanh√£','MAGO','ALTA','MID','2009-07-10','https://ddragon.leagueoflegends.com/cdn/img/champion/splash/Anivia_0.jpg'),(_binary 'Ä\ÿ18˙LC+°⁄ê∑Ä\≈\Z\Ï','AMUMU','A M√öMIA TRISTE','Reza a lenda que Amumu √© uma alma solit√°ria e melanc√≥lica da antiga Shurima que vaga sem rumo pelo mundo em busca de um amigo. Amaldi√ßoado por um feiti√ßo ancestral para permanecer s√≥ pela eternidade, seu toque traz a morte e sua afei√ß√£o, a ru√≠na. Aqueles que afirmam j√° t√™-lo visto o descrevem como um morto-vivo franzino e coberto por faixas asquerosas. Amumu j√° inspirou tantos mitos, folclore e lendas contadas por muitas gera√ß√µes, que j√° √© imposs√≠vel separar a verdade da fic√ß√£','TANQUE','BAIXA','JUNGLE','2009-06-26','https://ddragon.leagueoflegends.com/cdn/img/champion/splash/Amumu_0.jpg'),(_binary '©£Fö˜∫B`ßˆ´Ω.','ANNIE','A CRIAN√áA SOMBRIA','Perigosa, mas adoravelmente precoce, Annie √© uma pequena maga com imenso poder piroman√≠aco. Mesmo isolada nas sombras das montanhas ao norte de Noxus, ela causa estranhamento com sua magia. Sua afinidade natural com o fogo j√° era evidente desde a primeira inf√¢ncia, quando ela tinha explos√µes emocionais imprevis√≠veis. Apesar disso, ela aprendeu a controlar esses ‚Äútruques divertidos‚Äù. Seu truque favorito inclui invocar seu amado ursinho de pel√∫cia, Tibbers, como protetor incendi√°rio. Perdida na eterna inoc√™ncia da inf√¢ncia, Annie vaga pelas florestas sombrias em busca de algu√©m para brincar.','MAGO','MEDIA','MID','2009-02-21','https://ddragon.leagueoflegends.com/cdn/img/champion/splash/Annie_0.jpg'),(_binary '\Ìè«£FH¥ó\Z6Gµ\Í\“','AHRI','A RAPOSA DE NOVE CAUDAS','A liga√ß√£o de Ahri com a magia do mundo espiritual √© inata. Ela √© uma vastaya com tra√ßos de raposa, capaz de manipular as emo√ß√µes de sua presa e consumir sua ess√™ncia, devorando tamb√©m as mem√≥rias e as percep√ß√µes de cada alma absorvida. Outrora uma predadora poderosa, por√©m rebelde, Ahri agora viaja pelo mundo em busca de vest√≠gios dos seus antepassados enquanto tenta substituir as mem√≥rias roubadas por novas de sua pr√≥pria autoria','MAGO','MEDIA','MID','2011-12-14','https://ddragon.leagueoflegends.com/cdn/img/champion/splash/Ahri_0.jpg');
/*!40000 ALTER TABLE `champions` ENABLE KEYS */;
UNLOCK TABLES;

--
-- Dumping data for table `flyway_schema_history`
--

LOCK TABLES `flyway_schema_history` WRITE;
/*!40000 ALTER TABLE `flyway_schema_history` DISABLE KEYS */;
INSERT INTO `flyway_schema_history` VALUES (1,'1','create-table-champions','SQL','V1__create-table-champions.sql',-176455275,'root','2024-10-05 14:30:33',65,1),(2,'2','create-table-skills','SQL','V2__create-table-skills.sql',1620787684,'root','2024-10-05 14:30:33',55,1),(3,'3','modify-column-champ-lore-text','SQL','V3__modify-column-champ-lore-text.sql',2045867319,'root','2024-10-05 14:30:33',59,1),(4,'4','alter-table-champions-modify-column-champ-role-varchar','SQL','V4__alter-table-champions-modify-column-champ-role-varchar.sql',-613865773,'root','2024-10-05 14:30:33',33,1),(5,'5','alter-table-champions-modify-column-champ-lore-text','SQL','V5__alter-table-champions-modify-column-champ-lore-text.sql',-1464125120,'root','2024-10-05 14:30:33',34,1),(6,'6','alter-table-skills-modify-column-skill-description-text','SQL','V6__alter-table-skills-modify-column-skill-description-text.sql',-1332405567,'root','2024-10-05 14:30:33',54,1);
/*!40000 ALTER TABLE `flyway_schema_history` ENABLE KEYS */;
UNLOCK TABLES;

--
-- Dumping data for table `skills`
--

LOCK TABLES `skills` WRITE;
/*!40000 ALTER TABLE `skills` DISABLE KEYS */;
INSERT INTO `skills` VALUES (_binary '8¿ñ©\ƒO˙∏Cá\Îπ˝°d','LAN√áAR BANDAGENS','Amumu lan√ßa uma bandagem pegajosa em seu alvo e se lan√ßa em sua dire√ß√£o, causando dano e atordoamento','Q','https://ddragon.leagueoflegends.com/cdn/14.19.1/img/spell/BandageToss.png','https://d28xe8vt774jo5.cloudfront.net/champion-abilities/0032/ability_0032_Q1.mp4',_binary 'Ä\ÿ18˙LC+°⁄ê∑Ä\≈\Z\Ï'),(_binary 'K≤Û\œM±ê[iÆ$≠å','DESINTEGRAR','Annie arremessa uma bola de fogo infundida em Mana, causando dano e recuperando o custo de Mana caso o alvo seja destru√≠do.','Q','https://ddragon.leagueoflegends.com/cdn/14.19.1/img/spell/AnnieQ.png','https://d28xe8vt774jo5.cloudfront.net/champion-abilities/0001/ability_0001_Q1.mp4',_binary '©£Fö˜∫B`ßˆ´Ω.'),(_binary ')gúñ∆òDÛ≠\·äj\≈(°\Â','LUTANDO SUJO','Os Ataques e Habilidades de Akshan causam dano adicional a cada terceiro acerto e concedem a ele um Escudo se o alvo for um Campe√£o. Ao Atacar, ele desfere um Ataque adicional que causa dano reduzido. Se cancelar o Ataque adicional, ele recebe Velocidade de Movimento.','PASSIVA','https://ddragon.leagueoflegends.com/cdn/14.19.1/img/passive/akshan_p.png','https://d28xe8vt774jo5.cloudfront.net/champion-abilities/0166/ability_0166_P1.mp4',_binary '1_®ÅH∆¶\'<æ≤ˇîN'),(_binary '.±\…≥\‰N:æw\Â\Ï','MARCA DO ASSASSINO','Causar dano a Campe√µes com habilidades cria um c√≠rculo de energia em volta deles. Sair desse c√≠rculo fortalece o pr√≥ximo Ataque de Akali com alcance e dano adicionais.','PASSIVA','https://ddragon.leagueoflegends.com/cdn/14.19.1/img/passive/Akali_P.png','https://d28xe8vt774jo5.cloudfront.net/champion-abilities/0084/ability_0084_P1.mp4',_binary '\n¿E\Ór\Õ@èúÊØπyç\‡•'),(_binary '0∫«©uLÉ#ÛoBXh','ENCANTO','Ahri manda um beijo que causa dano e encanta um inimigo, interrompendo imediatamente qualquer habilidade de movimento em progresso e fazendo com que ele ande inofensivamente em sua dire√ß√£o.','E','https://ddragon.leagueoflegends.com/cdn/14.19.1/img/spell/AhriE.png','https://d28xe8vt774jo5.cloudfront.net/champion-abilities/0103/ability_0103_E1.mp4',_binary '\Ìè«£FH¥ó\Z6Gµ\Í\“'),(_binary '1\ÊnE9≠Åäi\Ÿ=óô','EXECU√á√ÉO PERFEITA','Akali salta em uma dire√ß√£o, causando dano aos inimigos que atingir. Conjurar novamente: Akali avan√ßa em uma dire√ß√£o, executando todos os inimigos que atingir.','ULTIMATE','https://ddragon.leagueoflegends.com/cdn/14.19.1/img/spell/AkaliR.png','https://d28xe8vt774jo5.cloudfront.net/champion-abilities/0084/ability_0084_R1.mp4',_binary '\n¿E\Ór\Õ@èúÊØπyç\‡•'),(_binary '3å~sL‹¨\0õ	G6T','LAMPEJO GELADO','Anivia junta suas asas e invoca uma esfera de gelo que voa em dire√ß√£o ao oponente, congelando e causando dano a qualquer um em seu caminho. Ao explodir, ela causa dano moderado em um raio, atordoando qualquer um dentro da √°rea.','Q','https://ddragon.leagueoflegends.com/cdn/14.19.1/img/spell/FlashFrost.png','https://d28xe8vt774jo5.cloudfront.net/champion-abilities/0034/ability_0034_Q1.mp4',_binary '}@Gòé1Gòà¶K\Î v3é'),(_binary '<UÃåX@=≠\"}óBQ','IMPULSO HEROICO','Akshan dispara um arp√©u em um terreno e se balan√ßa ao redor dele, atirando repetidamente no inimigo mais pr√≥ximo enquanto estiver se balan√ßando. Ele pode saltar antecipadamente ou ser derrubado ao colidir com Campe√µes ou terrenos.','E','https://ddragon.leagueoflegends.com/cdn/14.19.1/img/spell/AkshanE.png','https://d28xe8vt774jo5.cloudfront.net/champion-abilities/0166/ability_0166_E1.mp4',_binary '1_®ÅH∆¶\'<æ≤ˇîN'),(_binary '<r˘\“G÷õQtf˛:','BUMERANGUE VINGATIVO','Akshan arremessa um bumerangue que causa dano na ida e na volta, ganhando alcance a cada vez que atingir um inimigo.','Q','https://ddragon.leagueoflegends.com/cdn/14.19.1/img/spell/AkshanQ.png','https://d28xe8vt774jo5.cloudfront.net/champion-abilities/0166/ability_0166_Q1.mp4',_binary '1_®ÅH∆¶\'<æ≤ˇîN'),(_binary '=\ŸA-u0Bƒäœóoû\∆','REBELDIA','Akshan marca Campe√µes inimigos passivamente como Canalhas quando eles abatem Campe√µes aliados. Se Akshan abater um Canalha, ressuscita o aliado abatido, recebendo ouro adicional e removendo todas as marcas. Quando a Habilidade √© ativada, Akshan fica camuflado, recebendo Velocidade de Movimento e Regenera√ß√£o de Mana enquanto se move em dire√ß√£o a Canalhas. Akshan perde a camuflagem rapidamente enquanto n√£o estiver em um arbusto ou pr√≥ximo a um terreno.','W','https://ddragon.leagueoflegends.com/cdn/14.19.1/img/spell/AkshanW.png','https://d28xe8vt774jo5.cloudfront.net/champion-abilities/0166/ability_0166_W1.mp4',_binary '1_®ÅH∆¶\'<æ≤ˇîN'),(_binary 'I˙Ω	HGB∏ªa\ﬁ\ËåWÖ','ANIQUILADOR DE MUNDOS','Aatrox libera sua forma demon√≠aca, aterrorizando tropas inimigas pr√≥ximas, ganhando Dano de Ataque, cura aumentada e Velocidade de Movimento. Se ele conseguir um abate, este efeito √© estendido.','ULTIMATE','https://ddragon.leagueoflegends.com/cdn/14.12.1/img/spell/AatroxR.png','https://d28xe8vt774jo5.cloudfront.net/champion-abilities/0266/ability_0266_R1.mp4',_binary 'Mˆ∏´]M	êZ≠òr\‚'),(_binary 'P1Bƒ≥≤HZ\Ô$ôk','VONTADE INDESTRUT√çVEL','Alistar solta um urro selvagem, removendo todos os efeitos de Controle de Grupo de si mesmo, al√©m de reduzir o Dano F√≠sico e M√°gico enquanto durar o efeito.','ULTIMATE','https://ddragon.leagueoflegends.com/cdn/14.19.1/img/spell/FerociousHowl.png','https://d28xe8vt774jo5.cloudfront.net/champion-abilities/0012/ability_0012_R1.mp4',_binary 'r\Ÿ&\ÂÙJy†é\”˜\ÁæŒû'),(_binary 'X5≈âECQé\„|ıª ˛t','CRISTALIZAR','Anivia condensa a umidade do ar, transformando-a num muro impenetr√°vel de gelo que bloqueia todo o movimento. O muro dura um curto per√≠odo antes de derreter.','W','https://ddragon.leagueoflegends.com/cdn/14.19.1/img/spell/Crystallize.png','https://d28xe8vt774jo5.cloudfront.net/champion-abilities/0034/ability_0034_W1.mp4',_binary '}@Gòé1Gòà¶K\Î v3é'),(_binary '`\≈oO\—mK(ñâ\€~\‰Ú†I','PULVERIZAR','Alistar golpeia o ch√£o, causando dano a inimigos pr√≥ximos e arremessando-os ao ar.','Q','https://ddragon.leagueoflegends.com/cdn/14.19.1/img/spell/Pulverize.png','https://d28xe8vt774jo5.cloudfront.net/champion-abilities/0012/ability_0012_Q1.mp4',_binary 'r\Ÿ&\ÂÙJy†é\”˜\ÁæŒû'),(_binary 'b˙‹óY;B=ü◊≤±ç\0±á','FOGO DE RAPOSA','Ahri recebe um breve impulso de Velocidade de Movimento e lan√ßa tr√™s Fogos de Raposa que perseguem e atacam inimigos pr√≥ximos','W','https://ddragon.leagueoflegends.com/cdn/14.19.1/img/spell/AhriW.png','https://d28xe8vt774jo5.cloudfront.net/champion-abilities/0103/ability_0103_W1.mp4',_binary '\Ìè«£FH¥ó\Z6Gµ\Í\“'),(_binary 'i\0\Ó^M\\CS∞≠gΩ\0Ùj≠','ORBE DA ILUS√ÉO','Ahri lan√ßa e puxa de volta seu orbe, causando Dano M√°gico na ida e Dano Verdadeiro na volta.','Q','https://ddragon.leagueoflegends.com/cdn/14.19.1/img/spell/AhriQ.png','https://d28xe8vt774jo5.cloudfront.net/champion-abilities/0103/ability_0103_Q1.mp4',_binary '\Ìè«£FH¥ó\Z6Gµ\Í\“'),(_binary 'kd…©U\ﬁOﬂÜ¨¶ë\”\‰ÄÙ','TOQUE AMALDI√áOADO','Os ataques b√°sicos de Amumu Amaldi√ßoam seus inimigos, fazendo com que recebam Dano Verdadeiro adicional de qualquer Dano M√°gico causado a eles.','PASSIVA','https://ddragon.leagueoflegends.com/cdn/14.19.1/img/passive/Amumu_Passive.png','https://d28xe8vt774jo5.cloudfront.net/champion-abilities/0032/ability_0032_P1.mp4',_binary 'Ä\ÿ18˙LC+°⁄ê∑Ä\≈\Z\Ï'),(_binary 'm≈á2\√EbõV¨\«V\”u','A ESPADA DARKIN','Aatrox bate sua espada no ch√£o, causando Dano F√≠sico. Ele pode bater at√© tr√™s vezes, cada vez em uma √°rea de a√ß√£o diferente.','Q','https://ddragon.leagueoflegends.com/cdn/14.12.1/img/spell/AatroxQ.png','https://d28xe8vt774jo5.cloudfront.net/champion-abilities/0266/ability_0266_Q1.mp4',_binary 'Mˆ∏´]M	êZ≠òr\‚'),(_binary '}î¢ºLK°ìê\‰}aô','INVOCAR: TIBBERS','Annie d√° vida ao urso Tibbers, causando dano a unidades na √°rea. Tibbers pode atacar e tamb√©m queimar inimigos que ficarem pr√≥ximos a ele.','ULTIMATE','https://ddragon.leagueoflegends.com/cdn/14.19.1/img/spell/AnnieR.png','https://d28xe8vt774jo5.cloudfront.net/champion-abilities/0001/ability_0001_R1.mp4',_binary '©£Fö˜∫B`ßˆ´Ω.'),(_binary '+c3∑\≈Jªôl±)î≥','INCINERAR','Annie conjura um ardente cone de fogo, causando dano em todos os inimigos na √°rea','W','https://ddragon.leagueoflegends.com/cdn/14.19.1/img/spell/AnnieW.png','https://d28xe8vt774jo5.cloudfront.net/champion-abilities/0001/ability_0001_W1.mp4',_binary '©£Fö˜∫B`ßˆ´Ω.'),(_binary 'á\—kÒΩGH®∏Ù	ìµ\…\–','CORRENTES INFERNAIS','Aatrox bate no ch√£o, causando dano ao primeiro inimigo atingido. Campe√µes e Monstros Grandes precisam sair da √°rea de impacto rapidamente ou ser√£o arrastados para o centro e receber√£o dano novamente.','W','https://ddragon.leagueoflegends.com/cdn/14.12.1/img/spell/AatroxW.png','https://d28xe8vt774jo5.cloudfront.net/champion-abilities/0266/ability_0266_W1.mp4',_binary 'Mˆ∏´]M	êZ≠òr\‚'),(_binary 'á\‚9\ \Ê>LÇ§€≠j§!F\”','CHILIQUE','Reduz permanentemente o Dano F√≠sico que Amumu sofreria. Amumu pode liberar sua f√∫ria, causando dano a inimigos pr√≥ximos. Sempre que Amumu √© atingido, o Tempo de Recarga de Chilique √© reduzido.','E','https://ddragon.leagueoflegends.com/cdn/14.19.1/img/spell/Tantrum.png','https://d28xe8vt774jo5.cloudfront.net/champion-abilities/0032/ability_0032_E1.mp4',_binary 'Ä\ÿ18˙LC+°⁄ê∑Ä\≈\Z\Ï'),(_binary 'ôîô¥@ÄôFûîS\÷.ñ','ATROPELAR','Alistar atropela unidades inimigas pr√≥ximas, ignorando colis√£o com unidades e recebendo ac√∫mulos caso cause dano a um Campe√£o inimigo. O pr√≥ximo ataque b√°sico com o m√°ximo de ac√∫mulos contra um Campe√£o inimigo causa Dano M√°gico adicional e o atordoa.','E','https://ddragon.leagueoflegends.com/cdn/14.19.1/img/spell/AlistarE.png','https://d28xe8vt774jo5.cloudfront.net/champion-abilities/0012/ability_0012_E1.mp4',_binary 'r\Ÿ&\ÂÙJy†é\”˜\ÁæŒû'),(_binary 'ô¸ƒ¨v®O\‡è|\√}\√1','ESCUDO FUNDIDO','Annie concede um Escudo e um impulso de Velocidade de Movimento a si ou a um aliado, causando dano a inimigos que a atingirem com Ataques ou Habilidades','E','https://ddragon.leagueoflegends.com/cdn/14.19.1/img/spell/AnnieE.png','https://d28xe8vt774jo5.cloudfront.net/champion-abilities/0001/ability_0001_E1.mp4',_binary '©£Fö˜∫B`ßˆ´Ω.'),(_binary '¢.†\‘s\ÂCáØ+lhZ\œ-','CABE√áADA','Alistar atinge o inimigo com sua cabe√ßa, causando dano e jogando o alvo para tr√°s.','W','https://ddragon.leagueoflegends.com/cdn/14.19.1/img/spell/Headbutt.png','https://d28xe8vt774jo5.cloudfront.net/champion-abilities/0012/ability_0012_W1.mp4',_binary 'r\Ÿ&\ÂÙJy†é\”˜\ÁæŒû'),(_binary '¶\n*\‹\ÔGA∫Y¨L\«z!','PROTE√á√ÉO DO CREPUSCULO','Akali solta uma prote√ß√£o de fuma√ßa e recebe Velocidade de Movimento por um curto per√≠odo. Enquanto estiver dentro da prote√ß√£o, Akali se torna invis√≠vel e n√£o pode ser selecionada como alvo de habilidades e ataques inimigos. Atacar ou usar habilidades far√° com que ela seja revelada brevemente','W','https://ddragon.leagueoflegends.com/cdn/14.19.1/img/spell/AkaliW.png','https://d28xe8vt774jo5.cloudfront.net/champion-abilities/0084/ability_0084_W1.mp4',_binary '\n¿E\Ór\Õ@èúÊØπyç\‡•'),(_binary 'Æ±F•\È˙N&æ∏ã\Ôõ','FURTO DE ESS√äNCIA','Depois de abater 9 tropas ou monstros, Ahri se cura. Depois de eliminar um Campe√£o inimigo, Ahri se cura em uma quantidade ainda maior','PASSIVA','https://ddragon.leagueoflegends.com/cdn/14.19.1/img/passive/Ahri_SoulEater2.png','https://d28xe8vt774jo5.cloudfront.net/champion-abilities/0103/ability_0103_P1.mp4',_binary '\Ìè«£FH¥ó\Z6Gµ\Í\“'),(_binary '∫ãM8uN8µûdc†xR-','INVESTIDA SHURIKEN','Salta para tr√°s e atira uma shuriken para a frente, causando Dano M√°gico. O primeiro inimigo ou nuvem de fuma√ßa que forem atingidos s√£o marcados. Conjure novamente para avan√ßar ao alvo marcado, causando dano adiciona','E','https://ddragon.leagueoflegends.com/cdn/14.19.1/img/spell/AkaliE.png','https://d28xe8vt774jo5.cloudfront.net/champion-abilities/0084/ability_0084_E1.mp4',_binary '\n¿E\Ór\Õ@èúÊØπyç\‡•'),(_binary 'Ω\“X\Ÿ\÷\√C\Ô¶\ﬂ\ﬂN&\r7','AVAN√áO UMBRAL','Passivamente, Aatrox se cura quando causa dano a Campe√µes inimigos. Quando ativado, ele avan√ßa em uma dire√ß√£o.','E','https://ddragon.leagueoflegends.com/cdn/14.12.1/img/spell/AatroxE.png','https://d28xe8vt774jo5.cloudfront.net/champion-abilities/0266/ability_0266_E1.mp4',_binary 'Mˆ∏´]M	êZ≠òr\‚'),(_binary 'Ω\ﬂ?ÙêÜF)õOQr\ÃJv','PIROMANIA','Ap√≥s conjurar 4 Habilidades, a pr√≥xima Habilidade ofensiva de Annie atordoar√° o alvo. Annie come√ßa a partida e ressurge com Piromania dispon√≠vel.','PASSIVA','https://ddragon.leagueoflegends.com/cdn/14.19.1/img/passive/Annie_Passive.png','https://d28xe8vt774jo5.cloudfront.net/champion-abilities/0001/ability_0001_P1.mp4',_binary '©£Fö˜∫B`ßˆ´Ω.'),(_binary 'ƒï\”n˘\ÔIôÇ\’\“?¥{','DESESPERO','Tomados pela ang√∫stia, inimigos pr√≥ximos perdem um percentual de sua Vida m√°xima a cada segundo e suas Maldi√ß√µes s√£o restauradas.','W','https://ddragon.leagueoflegends.com/cdn/14.19.1/img/spell/AuraofDespair.png','https://d28xe8vt774jo5.cloudfront.net/champion-abilities/0032/ability_0032_W1.mp4',_binary 'Ä\ÿ18˙LC+°⁄ê∑Ä\≈\Z\Ï'),(_binary '\À7-\Â\‰A˛ãUΩy◊Æ√à','URRO TRIUNFANTE','Alistar carrega seu urro ao atordoar, deslocar a posi√ß√£o de Campe√µes inimigos ou quando inimigos pr√≥ximos morrem. Quando estiver com o m√°ximo de cargas, ele cura a si mesmo e aos Campe√µes aliados pr√≥ximos.','PASSIVA','https://ddragon.leagueoflegends.com/cdn/14.19.1/img/passive/Alistar_E.png','https://d28xe8vt774jo5.cloudfront.net/champion-abilities/0012/ability_0012_P1.mp4 ',_binary 'r\Ÿ&\ÂÙJy†é\”˜\ÁæŒû'),(_binary '\ÃxOöò7@ñ°¯Çû€≠µ','PUNI√á√ÉO','Akshan trava a mira em um Campe√£o inimigo e come√ßa a armazenar balas. Ao terminar, ele dispara todas as balas armazenadas, causando dano com base na Vida perdida do primeiro Campe√£o, tropa ou estrutura que atingir.','ULTIMATE','https://ddragon.leagueoflegends.com/cdn/14.19.1/img/spell/AkshanR.png','https://d28xe8vt774jo5.cloudfront.net/champion-abilities/0166/ability_0166_R1.mp4',_binary '1_®ÅH∆¶\'<æ≤ˇîN'),(_binary '\Œ⁄ºçy¡L6óh{◊ù∑\¬\Â','CONGELAMENTO','Com um bater de asas, Anivia dispara uma rajada congelante de vento no alvo, causando dano. Se o alvo tiver sido atingido recentemente por Lampejo Gelado ou sofrido dano de uma Tempestade Glacial totalmente formada, o dano sofrido √© dobrado.','E','https://ddragon.leagueoflegends.com/cdn/14.19.1/img/spell/Frostbite.png','https://d28xe8vt774jo5.cloudfront.net/champion-abilities/0034/ability_0034_E1.mp4',_binary '}@Gòé1Gòà¶K\Î v3é'),(_binary '\⁄Z\≈\ÈÒN—ò#q`\‡A\n','POSTURA DO ARAUTO DA MORTE','Periodicamente, o pr√≥ximo ataque b√°sico de Aatrox causa Dano F√≠sico adicional e o cura com base na Vida m√°xima do alvo.','PASSIVA','https://ddragon.leagueoflegends.com/cdn/14.12.1/img/passive/Aatrox_Passive.png','https://d28xe8vt774jo5.cloudfront.net/champion-abilities/0266/ability_0266_P1.mp4',_binary 'Mˆ∏´]M	êZ≠òr\‚'),(_binary '›ãÿ¨Q˙DÑítà4]','GOLPE DOS CINCO PONTOS','Akali atira cinco kunais, causando redu√ß√£o de velocidade e dano com base em seu Dano de Ataque adicional e Poder de Habilidade.','Q','https://ddragon.leagueoflegends.com/cdn/14.19.1/img/spell/AkaliQ.png','https://d28xe8vt774jo5.cloudfront.net/champion-abilities/0084/ability_0084_Q1.mp4',_binary '\n¿E\Ór\Õ@èúÊØπyç\‡•'),(_binary '\›ˇé˜w¨Lêê\Ë\Õ\«\Ÿ\œ-ú','A MALDI√á√ÉO DA M√öMIA TRISTE','Amumu amarra unidades inimigas ao seu redor com ataduras, aplicando Maldi√ß√£o, causando dano e atordoando-as.','ULTIMATE','https://ddragon.leagueoflegends.com/cdn/14.19.1/img/spell/CurseoftheSadMummy.png','https://d28xe8vt774jo5.cloudfront.net/champion-abilities/0032/ability_0032_R1.mp4',_binary 'Ä\ÿ18˙LC+°⁄ê∑Ä\≈\Z\Ï'),(_binary '\‡Ù\ ﬁπ\ÕE\rú^∫Ø<\Ã','TEMPESTADE GLACIAL','Anivia invoca uma chuva torrencial de gelo e granizo para causar dano aos inimigos e atrasar seu avan√ßo.','ULTIMATE','https://ddragon.leagueoflegends.com/cdn/14.19.1/img/spell/GlacialStorm.png','https://d28xe8vt774jo5.cloudfront.net/champion-abilities/0034/ability_0034_R1.mp4',_binary '}@Gòé1Gòà¶K\Î v3é'),(_binary '\Ï6ΩGÒ¶FRÅF,¿w\Zß','RENASCIMENTO','Ao receber dano letal, Anivia volta √† forma de ovo e renasce com a Vida completa.','PASSIVA','https://ddragon.leagueoflegends.com/cdn/14.19.1/img/passive/Anivia_P.png','https://d28xe8vt774jo5.cloudfront.net/champion-abilities/0034/ability_0034_P1.mp4',_binary '}@Gòé1Gòà¶K\Î v3é'),(_binary 'Ò«ø˜î\»L¢R™\Œhfü','√çMPETO ESPIRITUAL','Ahri avan√ßa e dispara raios de ess√™ncia, causando dano a inimigos pr√≥ximos. √çmpeto Espiritual pode ser conjurada at√© tr√™s vezes antes de entrar em Tempo de Recarga e ganha reconjura√ß√µes adicionais ao eliminar Campe√µes inimigos.','ULTIMATE','https://ddragon.leagueoflegends.com/cdn/14.19.1/img/spell/AhriR.png','https://d28xe8vt774jo5.cloudfront.net/champion-abilities/0103/ability_0103_R1.mp4',_binary '\Ìè«£FH¥ó\Z6Gµ\Í\“');
/*!40000 ALTER TABLE `skills` ENABLE KEYS */;
UNLOCK TABLES;
/*!40103 SET TIME_ZONE=@OLD_TIME_ZONE */;

/*!40101 SET SQL_MODE=@OLD_SQL_MODE */;
/*!40014 SET FOREIGN_KEY_CHECKS=@OLD_FOREIGN_KEY_CHECKS */;
/*!40014 SET UNIQUE_CHECKS=@OLD_UNIQUE_CHECKS */;
/*!40101 SET CHARACTER_SET_CLIENT=@OLD_CHARACTER_SET_CLIENT */;
/*!40101 SET CHARACTER_SET_RESULTS=@OLD_CHARACTER_SET_RESULTS */;
/*!40101 SET COLLATION_CONNECTION=@OLD_COLLATION_CONNECTION */;
/*!40111 SET SQL_NOTES=@OLD_SQL_NOTES */;

-- Dump completed on 2024-10-12  8:41:32
